Step,Time (sec) 
All steps 0-10,0.0019936561584472656
Step 0: Parse Targets,0.000993967056274414
